{
    "gaussian_densities": {
        "0%": {
            "mean": {
                "BUY": 0.4323999999999965,
                "STAY": 0.5676000000000039,
                "SELL": 0.0
            },
            "std": {
                "BUY": 0.010437923165074579,
                "STAY": 0.01043792316507458,
                "SELL": 0.0
            }
        },
        "10%": {
            "mean": {
                "BUY": 0.34640000000000015,
                "STAY": 0.6536000000000011,
                "SELL": 0.0
            },
            "std": {
                "BUY": 0.012598691995600172,
                "STAY": 0.012598691995600169,
                "SELL": 0.0
            }
        },
        "20%": {
            "mean": {
                "BUY": 0.3548000000000007,
                "STAY": 0.6452000000000013,
                "SELL": 0.0
            },
            "std": {
                "BUY": 0.01228482641310002,
                "STAY": 0.012284826413100055,
                "SELL": 0.0
            }
        },
        "30%": {
            "mean": {
                "BUY": 0.34779999999999955,
                "STAY": 0.6522000000000023,
                "SELL": 0.0
            },
            "std": {
                "BUY": 0.011984788692338315,
                "STAY": 0.011984788692338318,
                "SELL": 0.0
            }
        },
        "40%": {
            "mean": {
                "BUY": 0.29419999999999985,
                "STAY": 0.7058000000000012,
                "SELL": 0.0
            },
            "std": {
                "BUY": 0.01131575715540066,
                "STAY": 0.011315757155400665,
                "SELL": 0.0
            }
        },
        "50%": {
            "mean": {
                "BUY": 0.26039999999999947,
                "STAY": 0.7237999999999998,
                "SELL": 0.015799999999999977
            },
            "std": {
                "BUY": 0.010667325812967332,
                "STAY": 0.011373370652537457,
                "SELL": 0.0017059777255286732
            }
        },
        "60%": {
            "mean": {
                "BUY": 0.22619999999999957,
                "STAY": 0.7737999999999996,
                "SELL": 0.0
            },
            "std": {
                "BUY": 0.009842436690169824,
                "STAY": 0.009842436690169818,
                "SELL": 0.0
            }
        },
        "70%": {
            "mean": {
                "BUY": 0.21239999999999915,
                "STAY": 0.7637999999999981,
                "SELL": 0.023799999999999946
            },
            "std": {
                "BUY": 0.009248039792302013,
                "STAY": 0.010131611915188942,
                "SELL": 0.0020478183513192834
            }
        },
        "80%": {
            "mean": {
                "BUY": 0.1663999999999999,
                "STAY": 0.805799999999998,
                "SELL": 0.027799999999999932
            },
            "std": {
                "BUY": 0.007358739022414088,
                "STAY": 0.00810964610818497,
                "SELL": 0.002187957952063953
            }
        },
        "90%": {
            "mean": {
                "BUY": 0.11640000000000043,
                "STAY": 0.8493999999999975,
                "SELL": 0.034199999999999946
            },
            "std": {
                "BUY": 0.006453761693772129,
                "STAY": 0.00815350476788976,
                "SELL": 0.0023812517716528714
            }
        },
        "100%": {
            "mean": {
                "BUY": 0.050800000000000185,
                "STAY": 0.8984000000000042,
                "SELL": 0.050800000000000185
            },
            "std": {
                "BUY": 0.002753063747899762,
                "STAY": 0.005506127495799552,
                "SELL": 0.002753063747899762
            }
        }
    }
}