{
    "symmetrical_densities": {
        "frequencies": {
            "C": {
                "mean": {
                    "BUY": 0.3964799999999974,
                    "STAY": 0.6029799999999915,
                    "SELL": 0.0005400000000000002
                },
                "std": {
                    "BUY": 0.0025132371475848066,
                    "STAY": 0.0025229173510044494,
                    "SELL": 0.00010378265751078236
                }
            },
            "IC": {
                "mean": {
                    "BUY": 0.44321999999998807,
                    "STAY": 0.5354400000000081,
                    "SELL": 0.02133999999999965
                },
                "std": {
                    "BUY": 0.0020374501613536888,
                    "STAY": 0.002304083470710275,
                    "SELL": 0.0006226238350721622
                }
            },
            "IP": {
                "mean": {
                    "BUY": 0.01212000000000009,
                    "STAY": 0.9666599999999941,
                    "SELL": 0.021220000000000065
                },
                "std": {
                    "BUY": 0.0005903478296733174,
                    "STAY": 0.0015790010892967389,
                    "SELL": 0.0009924571325756128
                }
            },
            "CP": {
                "mean": {
                    "BUY": 0.056799999999999136,
                    "STAY": 0.9431000000000149,
                    "SELL": 0.0001
                },
                "std": {
                    "BUY": 0.001497389728828182,
                    "STAY": 0.0015016787272913949,
                    "SELL": 4.471017781221481e-05
                }
            },
            "ICP": {
                "mean": {
                    "BUY": 0.24662000000001116,
                    "STAY": 0.6130400000000227,
                    "SELL": 0.1403400000000121
                },
                "std": {
                    "BUY": 0.0015745023213702151,
                    "STAY": 0.002634804706235358,
                    "SELL": 0.0014523320694661498
                }
            }
        },
        "order": [
            {
                "1": 0.19544,
                "0": 0.7537,
                "-1": 0.05086
            },
            {
                "1": 0.24304,
                "0": 0.7074,
                "-1": 0.04956
            },
            {
                "1": 0.25124,
                "0": 0.70406,
                "-1": 0.0447
            },
            {
                "1": 0.23802,
                "0": 0.72356,
                "-1": 0.03842
            },
            {
                "1": 0.2275,
                "0": 0.7725,
                "-1": 0.0
            }
        ]
    },
    "lipschitz_densities": {
        "frequencies": {
            "C": {
                "mean": {
                    "BUY": 0.4472800000000124,
                    "STAY": 0.5519799999999799,
                    "SELL": 0.0007400000000000004
                },
                "std": {
                    "BUY": 0.0027319700144765634,
                    "STAY": 0.002743903781111859,
                    "SELL": 0.00012142997982376908
                }
            },
            "IC": {
                "mean": {
                    "BUY": 0.5011400000000072,
                    "STAY": 0.47847999999999435,
                    "SELL": 0.020379999999999697
                },
                "std": {
                    "BUY": 0.0022829520450504425,
                    "STAY": 0.002475982423200971,
                    "SELL": 0.0006050335197325765
                }
            },
            "IP": {
                "mean": {
                    "BUY": 0.012480000000000076,
                    "STAY": 0.9677599999999987,
                    "SELL": 0.019759999999999923
                },
                "std": {
                    "BUY": 0.0006738137428102535,
                    "STAY": 0.0017188537575953916,
                    "SELL": 0.0010485009489743706
                }
            },
            "CP": {
                "mean": {
                    "BUY": 0.06287999999999916,
                    "STAY": 0.9371000000000121,
                    "SELL": 2e-05
                },
                "std": {
                    "BUY": 0.0016039359588214481,
                    "STAY": 0.0016047301953911522,
                    "SELL": 1.99989999749962e-05
                }
            },
            "ICP": {
                "mean": {
                    "BUY": 0.21248000000001635,
                    "STAY": 0.6905200000000272,
                    "SELL": 0.097000000000002
                },
                "std": {
                    "BUY": 0.0018451083870602535,
                    "STAY": 0.002889258202376312,
                    "SELL": 0.001447169651423138
                }
            }
        },
        "order": [
            {
                "1": 0.24096,
                "0": 0.72204,
                "-1": 0.037
            },
            {
                "1": 0.26612,
                "0": 0.69792,
                "-1": 0.03596
            },
            {
                "1": 0.25374,
                "0": 0.71452,
                "-1": 0.03174
            },
            {
                "1": 0.23748,
                "0": 0.72932,
                "-1": 0.0332
            },
            {
                "1": 0.23796,
                "0": 0.76204,
                "-1": 0.0
            }
        ]
    },
    "gaussian_densities": {
        "frequencies": {
            "C": {
                "mean": {
                    "BUY": 0.39711999999999753,
                    "STAY": 0.6021199999999893,
                    "SELL": 0.0007600000000000004
                },
                "std": {
                    "BUY": 0.002522056811414125,
                    "STAY": 0.002535734717986009,
                    "SELL": 0.00012305380936811127
                }
            },
            "IC": {
                "mean": {
                    "BUY": 0.4387999999999857,
                    "STAY": 0.5448200000000089,
                    "SELL": 0.01637999999999993
                },
                "std": {
                    "BUY": 0.001991947790480493,
                    "STAY": 0.0021839223337839007,
                    "SELL": 0.000553506603393265
                }
            },
            "IP": {
                "mean": {
                    "BUY": 0.011720000000000086,
                    "STAY": 0.967859999999995,
                    "SELL": 0.020420000000000056
                },
                "std": {
                    "BUY": 0.0005843493475653281,
                    "STAY": 0.00155855767939481,
                    "SELL": 0.0009779071326051767
                }
            },
            "CP": {
                "mean": {
                    "BUY": 0.05589999999999914,
                    "STAY": 0.944020000000015,
                    "SELL": 8e-05
                },
                "std": {
                    "BUY": 0.0014894022290839217,
                    "STAY": 0.0014928576489405638,
                    "SELL": 3.999199919984188e-05
                }
            },
            "ICP": {
                "mean": {
                    "BUY": 0.23714000000001279,
                    "STAY": 0.6336000000000301,
                    "SELL": 0.12926000000001037
                },
                "std": {
                    "BUY": 0.0015406693480432203,
                    "STAY": 0.002522836498863861,
                    "SELL": 0.001396848323906467
                }
            }
        },
        "order": [
            {
                "1": 0.19098,
                "0": 0.75822,
                "-1": 0.0508
            },
            {
                "1": 0.24294,
                "0": 0.7126,
                "-1": 0.04446
            },
            {
                "1": 0.24518,
                "0": 0.71518,