{
    "symmetrical_densities": {
        "I": {
            "mean": {
                "BUY": 0.0,
                "STAY": 1.0,
                "SELL": 0.0
            },
            "std": {
                "BUY": 0.0,
                "STAY": 0.0,
                "SELL": 0.0
            }
        },
        "C": {
            "mean": {
                "BUY": 0.224000000000001,
                "STAY": 0.7731000000000032,
                "SELL": 0.002900000000000001
            },
            "std": {
                "BUY": 0.004174206511422247,
                "STAY": 0.004327399912187453,
                "SELL": 0.000530650544143692
            }
        },
        "P": {
            "mean": {
                "BUY": 0.0,
                "STAY": 1.0,
                "SELL": 0.0
            },
            "std": {
                "BUY": 0.0,
                "STAY": 0.0,
                "SELL": 0.0
            }
        },
        "IC": {
            "mean": {
                "BUY": 0.23950000000000032,
                "STAY": 0.7317999999999991,
                "SELL": 0.028700000000000093
            },
            "std": {
                "BUY": 0.003626258402265337,
                "STAY": 0.004932419284691862,
                "SELL": 0.0018884676327647132
            }
        },
        "IP": {
            "mean": {
                "BUY": 0.06699999999999999,
                "STAY": 0.8383999999999988,
                "SELL": 0.0946
            },
            "std": {
                "BUY": 0.0036730096651111576,
                "STAY": 0.008681327087490741,
                "SELL": 0.00501904771844222
            }
        },
        "CP": {
            "mean": {
                "BUY": 0.028599999999999962,
                "STAY": 0.9710999999999994,
                "SELL": 0.00030000000000000003
            },
            "std": {
                "BUY": 0.0024252917350290064,
                "STAY": 0.0024687628480678254,
                "SELL": 0.00017294507798720524
            }
        },
        "ICP": {
            "mean": {
                "BUY": 0.19149999999999923,
                "STAY": 0.6554999999999993,
                "SELL": 0.1529999999999994
            },
            "std": {
                "BUY": 0.003602464434244974,
                "STAY": 0.007466575520276993,
                "SELL": 0.0042486468434078965
            }
        }
    },
    "lipschitz_densities": {
        "I": {
            "mean": {
                "BUY": 0.0,
                "STAY": 1.0,
                "SELL": 0.0
            },
            "std": {
                "BUY": 0.0,
                "STAY": 0.0,
                "SELL": 0.0
            }
        },
        "C": {
            "mean": {
                "BUY": 0.24240000000000098,
                "STAY": 0.7528000000000029,
                "SELL": 0.0048
            },
            "std": {
                "BUY": 0.004541171654980695,
                "STAY": 0.004799183263848112,
                "SELL": 0.0007327755454434831
            }
        },
        "P": {
            "mean": {
                "BUY": 0.0,
                "STAY": 1.0,
                "SELL": 0.0
            },
            "std": {
                "BUY": 0.0,
                "STAY": 0.0,
                "SELL": 0.0
            }
        },
        "IC": {
            "mean": {
                "BUY": 0.2690000000000008,
                "STAY": 0.7063000000000008,
                "SELL": 0.024700000000000027
            },
            "std": {
                "BUY": 0.004088887379226778,
                "STAY": 0.005115692523989319,
                "SELL": 0.0018867723763082685
            }
        },
        "IP": {
            "mean": {
                "BUY": 0.0375,
                "STAY": 0.9093000000000001,
                "SELL": 0.053199999999999956
            },
            "std": {
                "BUY": 0.003219277869336539,
                "STAY": 0.007681374226009233,
                "SELL": 0.004484390705547426
            }
        },
        "CP": {
            "mean": {
                "BUY": 0.030999999999999955,
                "STAY": 0.9685999999999992,
                "SELL": 0.0004
            },
            "std": {
                "BUY": 0.0025882426470484033,
                "STAY": 0.00264462473708466,
                "SELL": 0.00019959959919799348
            }
        },
        "ICP": {
            "mean": {
                "BUY": 0.14889999999999945,
                "STAY": 0.7503999999999984,
                "SELL": 0.1006999999999998
            },
            "std": {
                "BUY": 0.004042126915375129,
                "STAY": 0.007802553428205387,
                "SELL": 0.0042696030260435235
            }
        }
    },
    "gaussian_densities": {
        "I": {
            "mean": {
                "BUY": 0.0,
                "STAY": 1.0,
                "SELL": 0.0
            },
            "std": {
                "BUY": 0.0,
                "STAY": 0.0,
                "SELL": 0.0
            }
        },
        "C": {
            "mean": {
                "BUY": 0.22040000000000087,
                "STAY": 0.7764000000000033,
                "SELL": 0.0032000000000000015
            },
            "std": {
                "BUY": 0.004226563615988761,
                "STAY": 0.004395797993538801,
                "SELL": 0.0005565608681896306
            }
        },
        "P": {
            "mean": {
                "BUY": 0.0,
                "STAY": 1.0,
                "SELL": 0.0
            },
            "std": {
                "BUY": 0.0,
                "STAY": 0.0,
                "SELL": 0.0
            }
        },
        "IC": {
            "mean": {
                "BUY": 0.2355000000000001,
                "STAY": 0.7400999999999981,
                "SELL": 0.02440000000000006
            },
            "std": {
                "BUY": 0.0035056739722911963,
                "STAY": 0.004499109911971469,
                "SELL": 0.0015635344575672112
            }
        },
        "IP": {
            "mean": {
                "BUY": 0.06310000000000006,
                "STAY": 0.8470999999999997,
                "SELL": 0.08979999999999994
            },
            "std": {
                "BUY": 0.0035676869257265436,
                "STAY": 0.008464726221207619,
                "SELL": 0.004908763591781569
            }
        },
        "CP": {
            "mean": {
                "BUY": 0.028399999999999963,
                "STAY": 0.9715999999999992,
                "SELL": 0.0
            },
            "std": {
                "BUY": 0.002402798368569454,
                "STAY": 0.0024027983685694404,
                "SELL": 0.0
            }
        },
        "ICP": {
            "mean": {
                "BUY": 0.18149999999999916,
                "STAY": 0.6760999999999999,
                "SELL": 0.14239999999999955
            },
            "std": {
                "BUY": 0.003272269854397711,
                "STAY": 0.006734893466121047,
                "SELL": 0.0038938721088397255
            }
        }
    },
    "alternating_densities": {
        "I": {
            "mean": {
                "BUY": 0.0,
                "STAY": 1.0,
                "SELL": 0.0
            },
            "std": {
                "BUY": 0.0,
                "STAY": 0.0,
                "SELL": 0.0
            }
        },
        "C": {
            "mean": {
                "BUY": 0.22440000000000096,
                "STAY": 0.7727000000000036,
                "SELL": 0.002900000000000001
            },
            "std": {
                "BUY": 0.004169489177345358,
                "STAY": 0.004320267352838244,
                "SELL": 0.0005306505441436926
            }
        },
        "P": {
            "mean": {
                "BUY": 0.0,
                "STAY": 1.0,
                "SELL": 0.0
            },