{
    "gaussian_densities": {
        "I": {
            "mean": {
                "BUY": 0.0,
                "STAY": 1.0,
                "SELL": 0.0
            },
            "std": {
                "BUY": 0.0,
                "STAY": 0.0,
                "SELL": 0.0
            }
        },
        "C": {
            "mean": {
                "BUY": 0.36840000000000117,
                "STAY": 0.6315999999999987,
                "SELL": 0.0
            },
            "std": {
                "BUY": 0.00790705001881227,
                "STAY": 0.00790705001881227,
                "SELL": 0.0
            }
        },
        "P": {
            "mean": {
                "BUY": 0.0,
                "STAY": 1.0,
                "SELL": 0.0
            },
            "std": {
                "BUY": 0.0,
                "STAY": 0.0,
                "SELL": 0.0
            }
        },
        "IC": {
            "mean": {
                "BUY": 0.4307999999999998,
                "STAY": 0.5013999999999995,
                "SELL": 0.06780000000000043
            },
            "std": {
                "BUY": 0.005872934530539245,
                "STAY": 0.007873883412903694,
                "SELL": 0.002993853703840601
            }
        },
        "IP": {
            "mean": {
                "BUY": 0.0,
                "STAY": 1.0,
                "SELL": 0.0
            },
            "std": {
                "BUY": 0.0,
                "STAY": 0.0,
                "SELL": 0.0
            }
        },
        "CP": {
            "mean": {
                "BUY": 0.05719999999999992,
                "STAY": 0.9428000000000012,
                "SELL": 0.0
            },
            "std": {
                "BUY": 0.004716795522385936,
                "STAY": 0.0047167955223859515,
                "SELL": 0.0
            }
        },
        "ICP": {
            "mean": {
                "BUY": 0.23119999999999818,
                "STAY": 0.6528000000000043,
                "SELL": 0.1160000000000011
            },
            "std": {
                "BUY": 0.0038034931313201824,
                "STAY": 0.005201169099346787,
                "SELL": 0.003121538082420269
            }
        }
    }
}