{
    "symmetrical_densities": {
        "frequencies": {
            "C": {
                "mean": {
                    "BUY": 0.3999999999999969,
                    "STAY": 0.599399999999989,
                    "SELL": 0.0006000000000000003
                },
                "std": {
                    "BUY": 0.0025249158401816265,
                    "STAY": 0.002535816239399005,
                    "SELL": 0.00010938007131100953
                }
            },
            "IC": {
                "mean": {
                    "BUY": 0.44371999999998607,
                    "STAY": 0.5357800000000071,
                    "SELL": 0.020499999999999702
                },
                "std": {
                    "BUY": 0.002036088446015933,
                    "STAY": 0.0022927667042242795,
                    "SELL": 0.0006131680030791053
                }
            },
            "IP": {
                "mean": {
                    "BUY": 0.012440000000000093,
                    "STAY": 0.9658599999999947,
                    "SELL": 0.021700000000000035
                },
                "std": {
                    "BUY": 0.0006004370408294542,
                    "STAY": 0.0016024500117009254,
                    "SELL": 0.0010058384562145893
                }
            },
            "CP": {
                "mean": {
                    "BUY": 0.05287999999999923,
                    "STAY": 0.947100000000014,
                    "SELL": 2e-05
                },
                "std": {
                    "BUY": 0.0014465028724480545,
                    "STAY": 0.0014473973193286733,
                    "SELL": 1.999899997499718e-05
                }
            },
            "ICP": {
                "mean": {
                    "BUY": 0.24642000000000952,
                    "STAY": 0.6148400000000264,
                    "SELL": 0.13874000000001166
                },
                "std": {
                    "BUY": 0.0015651576150662865,
                    "STAY": 0.002626552386684866,
                    "SELL": 0.0014517304295219454
                }
            }
        },
        "order": [
            {
                "1": 0.19556,
                "0": 0.7539,
                "-1": 0.05054
            },
            {
                "1": 0.2438,
                "0": 0.70792,
                "-1": 0.04828
            },
            {
                "1": 0.25022,
                "0": 0.70444,
                "-1": 0.04534
            },
            {
                "1": 0.23772,
                "0": 0.72488,
                "-1": 0.0374
            },
            {
                "1": 0.22816,
                "0": 0.77184,
                "-1": 0.0
            }
        ]
    },
    "lipschitz_densities": {
        "frequencies": {
            "C": {
                "mean": {
                    "BUY": 0.4482400000000121,
                    "STAY": 0.551119999999981,
                    "SELL": 0.0006400000000000003
                },
                "std": {
                    "BUY": 0.00273131657630528,
                    "STAY": 0.002740852889156868,
                    "SELL": 0.00011295592060622684
                }
            },
            "IC": {
                "mean": {
                    "BUY": 0.502600000000007,
                    "STAY": 0.47679999999999617,
                    "SELL": 0.020599999999999688
                },
                "std": {
                    "BUY": 0.002282832451144872,
                    "STAY": 0.002483500754982797,
                    "SELL": 0.0006092323038053492
                }
            },
            "IP": {
                "mean": {
                    "BUY": 0.00996000000000004,
                    "STAY": 0.9741199999999988,
                    "SELL": 0.015919999999999955
                },
                "std": {
                    "BUY": 0.0006010655871034848,
                    "STAY": 0.0015396826166452844,
                    "SELL": 0.0009424730022658073
                }
            },
            "CP": {
                "mean": {
                    "BUY": 0.058539999999999336,
                    "STAY": 0.9413400000000108,
                    "SELL": 0.00011999999999999999
                },
                "std": {
                    "BUY": 0.00155051824884443,
                    "STAY": 0.0015559885732227068,
                    "SELL": 4.897509571200392e-05
                }
            },
            "ICP": {
                "mean": {
                    "BUY": 0.2120400000000166,
                    "STAY": 0.6921000000000248,
                    "SELL": 0.09586000000000205
                },
                "std": {
                    "BUY": 0.0018086193187069285,
                    "STAY": 0.0028443907959350523,
                    "SELL": 0.0014343939626198336
                }
            }
        },
        "order": [
            {
                "1": 0.23938,
                "0": 0.72526,
                "-1": 0.03536
            },
            {
                "1": 0.26524,
                "0": 0.69998,
                "-1": 0.03478
            },
            {
                "1": 0.25052,
                "0": 0.71954,
                "-1": 0.02994
            },
            {
                "1": 0.235,
                "0": 0.73194,
                "-1": 0.03306
            },
            {
                "1": 0.24124,
                "0": 0.75876,
                "-1": 0.0
            }
        ]
    },
    "gaussian_densities": {
        "frequencies": {
            "C": {
                "mean": {
                    "BUY": 0.3993599999999976,
                    "STAY": 0.5999999999999897,
                    "SELL": 0.0006400000000000003
                },
                "std": {
                    "BUY": 0.0025125204556381,
                    "STAY": 0.0025236481529721942,
                    "SELL": 0.00011295592060621992
                }
            },
            "IC": {
                "mean": {
                    "BUY": 0.44133999999998613,
                    "STAY": 0.5420000000000067,
                    "SELL": 0.016659999999999914
                },
                "std": {
                    "BUY": 0.002009950357595983,
                    "STAY": 0.0022091627373282984,
                    "SELL": 0.0005577135824058985
                }
            },
            "IP": {
                "mean": {
                    "BUY": 0.011080000000000076,
                    "STAY": 0.9696399999999954,
                    "SELL": 0.01928000000000004
                },
                "std": {
                    "BUY": 0.0005696695182296706,
                    "STAY": 0.0015183632766898234,
                    "SELL": 0.0009522752543251361
                }
            },
            "CP": {
                "mean": {
                    "BUY": 0.0534999999999993,
                    "STAY": 0.9464400000000128,
                    "SELL": 6.000000000000001e-05
                },
                "std": {
                    "BUY": 0.0014606077502190295,
                    "STAY": 0.0014632609610047008,
                    "SELL": 3.463581960919103e-05
                }
            },
            "ICP": {
                "mean": {
                    "BUY": 0.23276000000001412,
                    "STAY": 0.6436000000000357,
                    "SELL": 0.12364000000000945
                },
                "std": {
                    "BUY": 0.0015165349451958003,
                    "STAY": 0.0024724692111329463,
                    "SELL": 0.0013662046113228192
                }
            }
        },
        "order": [
            {
                "1": 0.19382,
                "0": 0.75526,
                "-1": 0.05092
            },
            {
                "1": 0.24144,
                "0": 0.7161,
                "-1": 0.04246
            },
            {
                "1": 0.24726,