{
    "symmetrical_densities": {
        "C": {
            "mean": {
                "BUY": 0.22198,
                "STAY": 0.77535,
                "SELL": 0.0026700000000000005
            },
            "std": {
                "BUY": 0.0013450977510946927,
                "STAY": 0.001389509895610679,
                "SELL": 0.00016120517981752324
            }
        },
        "IC": {
            "mean": {
                "BUY": 0.23704,
                "STAY": 0.7356199999999999,
                "SELL": 0.027340000000000003
            },
            "std": {
                "BUY": 0.001125879140938316,
                "STAY": 0.0014865804922707686,
                "SELL": 0.0005398633530811292
            }
        },
        "IP": {
            "mean": {
                "BUY": 0.06919,
                "STAY": 0.83324,
                "SELL": 0.09757
            },
            "std": {
                "BUY": 0.0011807516207907572,
                "STAY": 0.0027885677757587316,
                "SELL": 0.001611430888992761
            }
        },
        "CP": {
            "mean": {
                "BUY": 0.029160000000000002,
                "STAY": 0.9706,
                "SELL": 0.00024000000000000003
            },
            "std": {
                "BUY": 0.000773155508290538,
                "STAY": 0.0007840688745257013,
                "SELL": 4.893097178679369e-05
            }
        },
        "ICP": {
            "mean": {
                "BUY": 0.19252,
                "STAY": 0.65572,
                "SELL": 0.15176
            },
            "std": {
                "BUY": 0.001118125645891373,
                "STAY": 0.002325796242150202,
                "SELL": 0.0013229097626066566
            }
        }
    },
    "lipschitz_densities": {
        "C": {
            "mean": {
                "BUY": 0.24040999999999998,
                "STAY": 0.75625,
                "SELL": 0.0033399999999999997
            },
            "std": {
                "BUY": 0.0014333887086202402,
                "STAY": 0.0014916077735115222,
                "SELL": 0.00019719137912190788
            }
        },
        "IC": {
            "mean": {
                "BUY": 0.26747000000000004,
                "STAY": 0.70796,
                "SELL": 0.02457
            },
            "std": {
                "BUY": 0.0012652588312278244,
                "STAY": 0.0015974554266082045,
                "SELL": 0.000600609282312553
            }
        },
        "IP": {
            "mean": {
                "BUY": 0.03791,
                "STAY": 0.9078,
                "SELL": 0.05429
            },
            "std": {
                "BUY": 0.0010201878209427908,
                "STAY": 0.0024307850583710606,
                "SELL": 0.0014196336111828292
            }
        },
        "CP": {
            "mean": {
                "BUY": 0.03147,
                "STAY": 0.9681700000000001,
                "SELL": 0.00036
            },
            "std": {
                "BUY": 0.0008142873632815384,
                "STAY": 0.000831495706543335,
                "SELL": 6.153893076744185e-05
            }
        },
        "ICP": {
            "mean": {
                "BUY": 0.15542,
                "STAY": 0.73687,
                "SELL": 0.10771000000000001
            },
            "std": {
                "BUY": 0.0012808834295126158,
                "STAY": 0.0025281535376634073,
                "SELL": 0.0013958350869640724
            }
        }
    },
    "gaussian_densities": {
        "C": {
            "mean": {
                "BUY": 0.22171999999999997,
                "STAY": 0.77522,
                "SELL": 0.0030600000000000002
            },
            "std": {
                "BUY": 0.00134418159487474,
                "STAY": 0.0013943439891217662,
                "SELL": 0.00017223135603019563
            }
        },
        "IC": {
            "mean": {
                "BUY": 0.2355,
                "STAY": 0.74038,
                "SELL": 0.024120000000000003
            },
            "std": {
                "BUY": 0.001109673375367725,
                "STAY": 0.0014281265910275603,
                "SELL": 0.0005024167194670178
            }
        },
        "IP": {
            "mean": {
                "BUY": 0.06327,
                "STAY": 0.8459,
                "SELL": 0.09083
            },
            "std": {
                "BUY": 0.0011017217026091481,
                "STAY": 0.0026277593116569866,
                "SELL": 0.0015296702618538417
            }
        },
        "CP": {
            "mean": {
                "BUY": 0.02895,
                "STAY": 0.9707,
                "SELL": 0.00035
            },
            "std": {
                "BUY": 0.0007714206051175974,
                "STAY": 0.0007880044416118477,
                "SELL": 5.9057175685940155e-05
            }
        },
        "ICP": {
            "mean": {
                "BUY": 0.18025,
                "STAY": 0.68153,
                "SELL": 0.13822
            },
            "std": {
                "BUY": 0.0010309673855171172,
                "STAY": 0.0021230134031607053,
                "SELL": 0.001220132435434777
            }
        }
    },
    "alternating_densities": {
        "C": {
            "mean": {
                "BUY": 0.22216,
                "STAY": 0.7751600000000001,
                "SELL": 0.00268
            },
            "std": {
                "BUY": 0.0013365228916857354,
                "STAY": 0.001381339002562369,
                "SELL": 0.00016149848296501116
            }
        },
        "IC": {
            "mean": {
                "BUY": 0.23515999999999998,
                "STAY": 0.7407699999999999,
                "SELL": 0.02407
            },
            "std": {
                "BUY": 0.0011080511901532346,
                "STAY": 0.0014234748715730814,
                "SELL": 0.0004947357981791898
            }
        },
        "IP": {
            "mean": {
                "BUY": 0.06176,
                "STAY": 0.8493200000000001,
                "SELL": 0.08892
            },
            "std": {
                "BUY": 0.0010792452177332081,
                "STAY": 0.0025814634918975704,
                "SELL": 0.0015055641334728986
            }
        },
        "CP": {
            "mean": {
                "BUY": 0.029310000000000003,
                "STAY": 0.9704299999999999,
                "SELL": 0.00026000000000000003
            },
            "std": {
                "BUY": 0.0007739459864874292,
                "STAY": 0.0007861688813480218,
                "SELL": 5.092386473943234e-05
            }
        },
        "ICP": {
            "mean": {
                "BUY": 0.18083,
                "STAY": 0.6806800000000001,
                "SELL": 0.13849
            },
            "std": {
                "BUY": 0.0010094310823429205,
                "STAY": 0.0020795849970607115,
                "SELL": 0.0011993965107503022
            }
        }
    },
    "constant_densities": {
        "C": {
            "mean": {
                "BUY": 0.20538,
                "STAY": 0.7905,
                "SELL": 0.00412
            },
            "std": {
                "BUY": 0.0014583228586290487,
                "STAY": 0.0015357001660480474,
                "SELL": 0.00024187302453973657
            }
        },
        "IC": {
            "mean": {
                "BUY": 0.26083,
                "STAY": 0.69353,
                "SELL": 0.04564
            },
            "std": {
                "BUY": 0.001435503782649144,
                "STAY": 0.0021758938186409744,
                "SELL": 0.0010112858349645762
            }
        },
        "IP": {
            "mean": {
                "BUY": 0.03475,
                "STAY": 0.9190200000000001,
                "SELL": 0.04623
            },